{"cameraMode":{"drawMode":0,"name":"Shaded","section":"Shading Mode"},"sceneLighting":false,"audioPlay":false,"sceneViewState":{"m_AlwaysRefresh":false,"showFog":true,"showSkybox":false,"showFlares":true,"showImageEffects":true,"showParticleSystems":true,"showVisualEffectGraphs":true,"m_FxEnabled":true},"in2DMode":false,"pivot":{"x":63.00217819213867,"y":9.028292655944825,"z":102.31071472167969},"rotation":{"x":-0.004451913759112358,"y":0.9865899682044983,"z":-0.1609465628862381,"w":-0.02723180502653122},"size":19.013944625854493,"orthographic":false}