{"cameraMode":{"drawMode":0,"name":"Shaded","section":"Shading Mode"},"sceneLighting":false,"audioPlay":false,"sceneViewState":{"m_AlwaysRefresh":false,"showFog":true,"showSkybox":false,"showFlares":true,"showImageEffects":true,"showParticleSystems":true,"showVisualEffectGraphs":true,"m_FxEnabled":true},"in2DMode":false,"pivot":{"x":181.0977325439453,"y":12.224282264709473,"z":116.4378433227539},"rotation":{"x":0.13006499409675599,"y":-0.3170463740825653,"z":0.043921198695898059,"w":0.9384603500366211},"size":13.391724586486817,"orthographic":false}