{"cameraMode":{"drawMode":0,"name":"Shaded","section":"Shading Mode"},"sceneLighting":true,"audioPlay":false,"sceneViewState":{"m_AlwaysRefresh":false,"showFog":true,"showSkybox":true,"showFlares":true,"showImageEffects":true,"showParticleSystems":true,"showVisualEffectGraphs":true,"m_FxEnabled":true},"in2DMode":false,"pivot":{"x":-0.6723607778549194,"y":1.3268036842346192,"z":0.5825289487838745},"rotation":{"x":-0.025124670937657357,"y":0.671095609664917,"z":-0.02276318520307541,"w":-0.7406062483787537},"size":2.1493887901306154,"orthographic":false}