{"cameraMode":{"drawMode":0,"name":"Shaded","section":"Shading Mode"},"sceneLighting":true,"audioPlay":false,"sceneViewState":{"m_AlwaysRefresh":false,"showFog":true,"showSkybox":true,"showFlares":true,"showImageEffects":true,"showParticleSystems":true,"showVisualEffectGraphs":true,"m_FxEnabled":true},"in2DMode":false,"pivot":{"x":12.087268829345704,"y":12.845963478088379,"z":27.584461212158204},"rotation":{"x":-0.014642002061009407,"y":0.9830502271652222,"z":-0.09050609916448593,"w":-0.15884459018707276},"size":14.2210054397583,"orthographic":false}