{"cameraMode":{"drawMode":0,"name":"Shaded","section":"Shading Mode"},"sceneLighting":true,"audioPlay":false,"sceneViewState":{"m_AlwaysRefresh":false,"showFog":true,"showSkybox":true,"showFlares":true,"showImageEffects":true,"showParticleSystems":true,"showVisualEffectGraphs":true,"m_FxEnabled":true},"in2DMode":false,"pivot":{"x":-26.631563186645509,"y":-0.6866476535797119,"z":14.429513931274414},"rotation":{"x":-0.050775930285453799,"y":-0.9307494163513184,"z":0.33323603868484499,"w":-0.14182184636592866},"size":2.508713483810425,"orthographic":false}