{"cameraMode":{"drawMode":0,"name":"Shaded","section":"Shading Mode"},"sceneLighting":false,"audioPlay":false,"sceneViewState":{"m_AlwaysRefresh":false,"showFog":true,"showSkybox":false,"showFlares":true,"showImageEffects":true,"showParticleSystems":true,"showVisualEffectGraphs":true,"m_FxEnabled":true},"in2DMode":false,"pivot":{"x":123.45999908447266,"y":9.792499542236329,"z":104.87999725341797},"rotation":{"x":0.13006499409675599,"y":-0.3170463740825653,"z":0.043921198695898059,"w":0.9384603500366211},"size":21.430248260498048,"orthographic":false}