{"cameraMode":{"drawMode":0,"name":"Shaded","section":"Shading Mode"},"sceneLighting":false,"audioPlay":false,"sceneViewState":{"m_AlwaysRefresh":false,"showFog":true,"showSkybox":false,"showFlares":true,"showImageEffects":true,"showParticleSystems":true,"showVisualEffectGraphs":true,"m_FxEnabled":true},"in2DMode":false,"pivot":{"x":321.42657470703127,"y":34.99065399169922,"z":135.77845764160157},"rotation":{"x":0.23078788816928864,"y":-0.42071080207824709,"z":0.11153288185596466,"w":0.8702645301818848},"size":23.740758895874025,"orthographic":false}