{"cameraMode":{"drawMode":0,"name":"Shaded","section":"Shading Mode"},"sceneLighting":false,"audioPlay":false,"sceneViewState":{"m_AlwaysRefresh":false,"showFog":true,"showSkybox":false,"showFlares":true,"showImageEffects":true,"showParticleSystems":true,"showVisualEffectGraphs":true,"m_FxEnabled":true},"in2DMode":false,"pivot":{"x":134.2299346923828,"y":14.399999618530274,"z":12.713011741638184},"rotation":{"x":0.09824597835540772,"y":-0.6484397053718567,"z":0.08490045368671417,"w":0.7501568794250488},"size":21.957761764526368,"orthographic":false}