{"cameraMode":{"drawMode":0,"name":"Shaded","section":"Shading Mode"},"sceneLighting":false,"audioPlay":false,"sceneViewState":{"m_AlwaysRefresh":false,"showFog":true,"showSkybox":false,"showFlares":true,"showImageEffects":true,"showParticleSystems":true,"showVisualEffectGraphs":true,"m_FxEnabled":true},"in2DMode":false,"pivot":{"x":229.50753784179688,"y":1.9061319828033448,"z":30.06132698059082},"rotation":{"x":0.10004514455795288,"y":-0.003281455719843507,"z":0.0002929199836216867,"w":0.9950069189071655},"size":8.654850006103516,"orthographic":false}