{"cameraMode":{"drawMode":0,"name":"Shaded","section":"Shading Mode"},"sceneLighting":false,"audioPlay":false,"sceneViewState":{"m_AlwaysRefresh":false,"showFog":true,"showSkybox":false,"showFlares":true,"showImageEffects":true,"showParticleSystems":true,"showVisualEffectGraphs":true,"m_FxEnabled":true},"in2DMode":false,"pivot":{"x":0.2717866897583008,"y":3.0299999713897707,"z":0.400118350982666},"rotation":{"x":-0.03392880782485008,"y":0.9660674333572388,"z":-0.18510028719902039,"w":-0.17698994278907777},"size":1.045418620109558,"orthographic":false}