{"cameraMode":{"drawMode":0,"name":"Shaded","section":"Shading Mode"},"sceneLighting":false,"audioPlay":false,"sceneViewState":{"m_AlwaysRefresh":false,"showFog":true,"showSkybox":false,"showFlares":true,"showImageEffects":true,"showParticleSystems":true,"showVisualEffectGraphs":true,"m_FxEnabled":true},"in2DMode":false,"pivot":{"x":1.297189712524414,"y":2.7798688411712648,"z":0.8863379955291748},"rotation":{"x":0.016215933486819269,"y":0.9752845764160156,"z":-0.07653068006038666,"w":0.20665213465690614},"size":1.6313499212265015,"orthographic":false}