{"cameraMode":{"drawMode":0,"name":"Shaded","section":"Shading Mode"},"sceneLighting":false,"audioPlay":false,"sceneViewState":{"m_AlwaysRefresh":false,"showFog":true,"showSkybox":false,"showFlares":true,"showImageEffects":true,"showParticleSystems":true,"showVisualEffectGraphs":true,"m_FxEnabled":true},"in2DMode":false,"pivot":{"x":0.29222774505615237,"y":3.0199999809265138,"z":0.7558202743530273},"rotation":{"x":0.05628754198551178,"y":0.9220580458641052,"z":-0.14672963321208955,"w":0.35371407866477969},"size":1.4295463562011719,"orthographic":false}