{"cameraMode":{"drawMode":0,"name":"Shaded","section":"Shading Mode"},"sceneLighting":false,"audioPlay":false,"sceneViewState":{"m_AlwaysRefresh":false,"showFog":true,"showSkybox":false,"showFlares":true,"showImageEffects":true,"showParticleSystems":true,"showVisualEffectGraphs":true,"m_FxEnabled":true},"in2DMode":false,"pivot":{"x":118.02388763427735,"y":8.854933738708496,"z":92.99369049072266},"rotation":{"x":-0.11793677508831024,"y":-0.00476277619600296,"z":0.0005893073976039887,"w":-0.9930345416069031},"size":9.179596900939942,"orthographic":false}