{"cameraMode":{"drawMode":0,"name":"Shaded","section":"Shading Mode"},"sceneLighting":false,"audioPlay":false,"sceneViewState":{"m_AlwaysRefresh":false,"showFog":true,"showSkybox":false,"showFlares":true,"showImageEffects":true,"showParticleSystems":true,"showVisualEffectGraphs":true,"m_FxEnabled":true},"in2DMode":false,"pivot":{"x":0.10000002384185791,"y":0.8025000095367432,"z":-0.05466446280479431},"rotation":{"x":0.0415363684296608,"y":0.9580152630805969,"z":-0.18504975736141206,"w":0.21503672003746034},"size":1.879654049873352,"orthographic":false}